Дата,URL,Цена
2025-10-14,https://www.vseinstrumenti.ru/product/tekstilnyj-petlevoj-strop-tor-stp-2-0-t-4-0-m-60-mm-11624-695284,852 ₽
2025-10-14,https://www.vseinstrumenti.ru/product/rezak-redius-r3p-02m-propanovyj-07502-730667/,2 235 ₽
2025-10-14,https://www.vseinstrumenti.ru/product/golovka-tortsevaya-1-2-dr-21-mm-jonnesway-s04h4121-222520/,290 ₽
2025-10-14,https://www.vseinstrumenti.ru/product/disk-otreznoj-po-nerzhaveyuschej-stali-125h22h1-6-mm-luga-3387-91397/,21 ₽
2025-10-14,https://www.vseinstrumenti.ru/product/dinamometricheskij-klyuch-force-6-30nm-6472300w-1181125,15 403 ₽
2025-10-14,https://www.vseinstrumenti.ru/product/ruletka-5mh25mm-zubr-master-34055-05-25-z02-541479,525 ₽
2025-10-14,https://www.vseinstrumenti.ru/product/pnevmaticheskij-udarnyj-gajkovert-mighty-seven-nc-4233qh-1095445/,20 850 ₽
2025-10-14,https://www.vseinstrumenti.ru/product/nabor-tortsevyh-golovok-1-4-dr-4-13-mm-41-predmet-jonnesway-s04h2141s-201231/,8 200 ₽
2025-10-14,https://www.vseinstrumenti.ru/product/krug-otreznoj-po-nerzhaveyuschej-stali-sp-novorapid-125x1x22-23-mm-metabo-617162000-942700/,36 ₽
2025-10-14,https://www.vseinstrumenti.ru/product/raspushennaya-polipropilenovaya-metla-s-cherenkom-240h160mm-sibrteh-63219-781692/,476 ₽
2025-10-14,https://www.vseinstrumenti.ru/product/nabor-golovok-dlya-svechej-zazhiganiya-s-dinamichnym-klyuchom-kejs-8-sht-jtc-k3081-876543/,8 100 ₽
2025-10-14,https://www.vseinstrumenti.ru/product/golovka-tortsevaya-dyujmovaya-standartnaya-12-grannaya-2-5-16-3-4-king-tony-633074s-2070276/,3 130 ₽
2025-10-14,https://www.vseinstrumenti.ru/product/nakidnoj-klyuch-force-75-grad-10h11-mm-7591011-988048/,808 ₽
2025-10-14,https://www.vseinstrumenti.ru/product/schetka-diskovaya-125-mm-m14-pletenye-puchki-stalnoj-provoloki-0-5-mm-zubr-35192-125-z02-967722/,998 ₽
2025-10-14,https://www.vseinstrumenti.ru/product/akkumulyatornaya-uglovaya-shlifmashina-bosch-gws-180-li-batareya-zu-06019h90r1-1453186/,30 373 ₽
2025-10-14,https://www.vseinstrumenti.ru/product/maslo-i-20a-5-l-gazpromneft-2389902412-1126767/,997 ₽
2025-10-14,https://www.vseinstrumenti.ru/product/dalnomer-bosch-glm-50-27-c-0601072t00-1944356/,23 812 ₽
2025-10-14,https://www.vseinstrumenti.ru/product/ochistitel-stekol-pennyj-cworks-cw530-500ml-a610r0021-14725049/,432 ₽
2025-10-14,https://www.vseinstrumenti.ru/product/ploskaya-kist-stayer-universal-euro-0102-100-211727/,196 ₽
2025-10-14,https://www.vseinstrumenti.ru/product/golovka-3-8-6-grannaya-19-mm-l-63-mm-force-5356319-991692/,408 ₽
2025-10-14,https://www.vseinstrumenti.ru/product/golovka-tortsevaya-super-tech-1-4-dr-9-mm-11-32-e11-jonnesway-46195-1318221/,175 ₽
2025-10-14,https://www.vseinstrumenti.ru/product/nabor-kombinirovannyh-klyuchej-king-tony-10-22-mm-8-predmetov-1208mr-725649/,4 400 ₽
2025-10-14,https://www.vseinstrumenti.ru/product/pnevmaticheskij-udarnyj-gajkovert-king-tony-44108amp01-2086985/,35 850 ₽
2025-10-14,https://www.vseinstrumenti.ru/product/snegovaya-lopata-360h400-mm-sibrteh-61566-662112/,476 ₽
2025-10-14,https://www.vseinstrumenti.ru/product/ruchnye-metchiki-gsr-hssg-din-2181-mf-5x0-5-6h-nabor-2-sht-b00115280-3250274/,1 498 ₽
2025-10-14,https://www.vseinstrumenti.ru/product/nakidnoj-izognutyj-starternyj-klyuch-jonnesway-w6511012-211808/,880 ₽
2025-10-14,https://www.vseinstrumenti.ru/product/udalitel-germetika-axiom-650-ml-a9605-2062579/,984 ₽
2025-10-14,https://www.vseinstrumenti.ru/product/smazka-sinyaya-vysokotemperaturnaya-ms-1510-blue-200-ml-vmpavto-1317-1399829/,394 ₽
2025-10-14,https://www.vseinstrumenti.ru/product/nabor-tortsevyh-golovok-3-8-s-prinadlezhnostyami-lozhement-31sht-king-tony-9-93523mr-770474/,9 790 ₽
2025-10-14,https://www.vseinstrumenti.ru/product/nabor-tortsevyh-golovok-1-4-dr-4-13-mm-21-predmet-jonnesway-s04h2721s-544999/,4 190 ₽
2025-10-14,https://www.vseinstrumenti.ru/product/doloto-zubilo-shirokoe-sds-plus-40h250-mm-praktika-034-137-719811/,236 ₽
2025-10-14,https://www.vseinstrumenti.ru/product/golovka-tortsevaya-12-grannaya-3-4-dr-27-mm-jonnesway-s04h6327-544240/,790 ₽
2025-10-14,https://www.vseinstrumenti.ru/product/otreznye-krugi-po-metallu-zubr-x-2-5-sht-76x1-2x10-mm-36200-76-1-2-h5-z03-4634514/,316 ₽
2025-10-14,https://www.vseinstrumenti.ru/product/navesnoj-zamok-sibrteh-zn2-26-60-mm-91626-973117/,293 ₽
2025-10-14,https://www.vseinstrumenti.ru/product/golovka-tortsevaya-glubokaya-shestigrannaya-1-2-8-mm-king-tony-423508m-758199/,490 ₽
2025-10-14,https://www.vseinstrumenti.ru/product/nakidnoj-silovoj-pod-vorotok-treschotochnyj-klyuch-force-8223036-1181309/,7 427 ₽
2025-10-14,https://www.vseinstrumenti.ru/product/golovka-tortsevaya-3-8-22-jtc-33222-747377/,240 ₽
2025-10-14,https://www.vseinstrumenti.ru/product/golovka-tortsevaya-udarnaya-tonkostennaya-glubokaya-21-mm-dlya-kolesnyh-diskov-jonnesway-s18ad4121-533315/,2 260 ₽
2025-10-14,https://www.vseinstrumenti.ru/product/golovka-tortsevaya-1-27-udarnaya-vysokaya-l-90mm-jtc-849027-741178/,2 100 ₽
2025-10-14,https://www.vseinstrumenti.ru/product/uzkaya-kist-10mm-fit-01244-529592/,192 ₽
2025-10-14,https://www.vseinstrumenti.ru/product/golovka-tortsevaya-12-ti-grannaya-46-mm-48-mm-3-4-force-56946-924395/,1 460 ₽
2025-10-14,https://www.vseinstrumenti.ru/product/golovka-6-grannaya-udarnaya-38-mm-3-4-force-46538-921131/,1 428 ₽
2025-10-14,https://www.vseinstrumenti.ru/product/kombinirovannyj-klyuch-13mm-dlina-169mm-uvelichennyj-ugol-jtc-ae3613-815761/,780 ₽
2025-10-14,https://www.vseinstrumenti.ru/product/nabor-kombinirovannyh-ukorochennyh-klyuchej-6-19mm-v-kejse-14sht-jtc-k6143-766687/,7 450 ₽
2025-10-14,https://www.vseinstrumenti.ru/product/nasadka-tortsevaya-1-4-dr-s-vstavkoj-bitoj-t10-ombra-114310-951808/,135 ₽
2025-10-14,https://www.vseinstrumenti.ru/product/bur-po-betonu-8x160h110-mm-sds-plus-sibrteh-70556-946869/,56 ₽
2025-10-14,https://www.vseinstrumenti.ru/product/sharnirnyj-udlinitel-3-8-76mm-jtc-3620-766784/,310 ₽
2025-10-14,https://www.vseinstrumenti.ru/product/nabor-kombinirovannyh-klyuchej-force-12-predmetov-5123-794679/,5 985 ₽
2025-10-14,https://www.vseinstrumenti.ru/product/krugi-abrazivnye-shlifovalnye-na-vorsovoj-osnove-pod-lipuchku-profi-5-sht-125-mm-r80-cutop-85-580-4784370/,170 ₽
2025-10-14,https://www.vseinstrumenti.ru/product/golovka-tortsevaya-dvenadtsatigrannaya-11-mm-1-4dr-king-tony-233011m-962317/,120 ₽
2025-10-14,https://www.vseinstrumenti.ru/product/tortsevoj-klyuch-27h30-force-6772730-922141/,3 435 ₽
2025-10-14,https://www.vseinstrumenti.ru/product/treschotochnyj-klyuch-24mm-force-75724-922257/,3 989 ₽
2025-10-14,https://www.vseinstrumenti.ru/product/golovka-tortsevaya-svechnaya-1-2-dr-16-mm-dlya-gajkovertov-ombra-112116a-221705/,275 ₽
2025-10-14,https://www.vseinstrumenti.ru/product/nabor-ekstraktorov-1-8-1-2-3-14-mm-15-predmetov-kejs-jtc-4639-746425/,4 213 ₽
2025-10-14,https://www.vseinstrumenti.ru/product/t-obraznyj-tortsevoj-klyuch-14mm-320mm-jtc-3636-773493/,2 115 ₽
2025-10-14,https://www.vseinstrumenti.ru/product/bur-8h160-mm-sds-elitech-1820-027000-926246/,99 ₽
2025-10-14,https://www.vseinstrumenti.ru/product/elektricheskij-perforator-denzel-rhv-1050-38-max-26620-1206138/,17 290 ₽
2025-10-14,https://www.vseinstrumenti.ru/product/nakidnoj-klyuch-force-45-grad-6h7mm-7580607-988049/,454 ₽
2025-10-14,https://www.vseinstrumenti.ru/product/usilennye-bokorezy-s-dvuhkomponentnymi-rukoyatkami-jonnesway-p0916-6-49398-1077397/,2 150 ₽
2025-10-14,https://www.vseinstrumenti.ru/product/ploskaya-kist-plastikovaya-ruchka-svetlaya-schetina-50mm-sibin-01008-050-1128834/,47 ₽
2025-10-14,https://www.vseinstrumenti.ru/product/maslyanyj-steklorez-matrix-87264-534455,295 ₽
2025-10-14,https://www.vseinstrumenti.ru/product/golovka-tortsevaya-torx-e24-1-2-39-mm-king-tony-437524m-1085953/,430 ₽
2025-10-14,https://www.vseinstrumenti.ru/product/ploskogubtsy-s-dvuhpozitsionnym-sharnirom-210mm-king-tony-6463-08c-783287/,1 300 ₽
2025-10-14,https://www.vseinstrumenti.ru/product/golovka-tortsevaya-udarnaya-shestigrannaya-1-60-mm-king-tony-853560m-748833/,5 410 ₽
2025-10-14,https://www.vseinstrumenti.ru/product/plashka-m20x2-5-hss-4341-profosnastka-62-art-50411162-1405085/,1 843 ₽
2025-10-14,https://www.vseinstrumenti.ru/product/nabor-akkumulyatorov-bl1840b-18v-4-0-ach-zaryadnoe-ustrojstvo-dc18rc-kejs-makpac-makita-198310-8-936648,22 783 ₽
2025-10-14,https://www.vseinstrumenti.ru/product/udarnyj-pnevmogajkovert-jtc-jtc-7811-1586485/,67 300 ₽
2025-10-14,https://www.vseinstrumenti.ru/product/flejtsevaya-kist-3-fit-it-standart-01037-556365/,130 ₽
2025-10-14,https://www.vseinstrumenti.ru/product/kombinirovannyj-treschotochnyj-kardannyj-klyuch-jonnesway-w66115-15mm-49281-1234487/,2 120 ₽
2025-10-14,https://www.vseinstrumenti.ru/product/golovka-tortsevaya-1-4-h1-4-l-25-jtc-22414-741318/,109 ₽
2025-10-14,https://www.vseinstrumenti.ru/product/gaechnyj-kombinirovannyj-treschotochnyj-kardannyj-klyuch-8mm-jonnesway-w66108-48362-821635/,1 420 ₽
2025-10-14,https://www.vseinstrumenti.ru/product/krestovaya-sterzhnevaya-otvertka-jonnesway-full-star-ph1h80-mm-d04p180-220918/,425 ₽
2025-10-14,https://www.vseinstrumenti.ru/product/golovka-tortsevaya-1-4-06-jtc-22506-741236/,118 ₽
2025-10-14,https://www.vseinstrumenti.ru/product/golovka-tortsevaya-udarnaya-1-2-dr-18-mm-jonnesway-s03a4118-532571/,425 ₽
2025-10-14,https://www.vseinstrumenti.ru/product/zaryadnoe-ustrojstvo-makita-194588-1-727804/,3 240 ₽
2025-10-14,https://www.vseinstrumenti.ru/product/golovka-tortsevaya-torx-e-standart-e16-77-mm-1-2-king-tony-427516m-787664/,680 ₽
2025-10-14,https://www.vseinstrumenti.ru/product/golovka-udarnaya-6-grannaya-dlinnaya-18-mm-100-mm-3-4-force-46510018-920431/,1 497 ₽
2025-10-14,https://www.vseinstrumenti.ru/product/sverlo-po-metallu-ts-h-4-2h43h75-mm-r6m5-hortz-hor-122325-1600655/,26 ₽
2025-10-14,https://www.vseinstrumenti.ru/product/kombinirovannyj-klyuch-king-tony-14-mm-1062-14-1457243/,480 ₽
2025-10-14,https://www.vseinstrumenti.ru/product/tortsevaya-glubokaya-shestigrannaya-golovka-3-8-16mm-king-tony-323516m-770290/,310 ₽
2025-10-14,https://www.vseinstrumenti.ru/product/kombinirovannyj-klyuch-12mm-jtc-ae2412-773396/,310 ₽
2025-10-14,https://www.vseinstrumenti.ru/product/kombinirovannyj-klyuch-force-18mm-75518-794960/,532 ₽
2025-10-14,https://www.vseinstrumenti.ru/product/golovka-6-ti-grannaya-38-mm-45-mm-3-4-force-56538-924417/,1 273 ₽
2025-10-14,https://www.vseinstrumenti.ru/product/shlitsevaya-otvertka-5-300mm-force-655305-1089796/,608 ₽
2025-10-14,https://www.vseinstrumenti.ru/product/nabor-golovok-3-8-6-grannye-63-mm-8-19-mm-8-sht-force-3082-945863/,3 175 ₽
2025-10-14,https://www.vseinstrumenti.ru/product/golovka-tortsevaya-6-grannaya-3-4-dr-19-mm-jonnesway-s04h6119-521842/,790 ₽
2025-10-14,https://www.vseinstrumenti.ru/product/rozhkovyj-silovoj-udarnyj-klyuch-41mm-king-tony-10a0-41-764612/,3 980 ₽
2025-10-14,https://www.vseinstrumenti.ru/product/sverlo-m-force-po-metallu-4-2h75-mm-hss-makita-d-37649-666021/,236 ₽
2025-10-14,https://www.vseinstrumenti.ru/product/bokorezy-jonnesway-p038-200-mm-47117-214129/,2 067 ₽
2025-10-14,https://www.vseinstrumenti.ru/product/golovka-tortsevaya-udarnaya-6-grannaya-1-dr-32-mm-jonnesway-s03a8132-532754/,2 310 ₽
2025-10-14,https://www.vseinstrumenti.ru/product/nabor-vstavok-bit-i-golovok-s-treschotkoj-1-4-torx-hex-ph-15-predmetov-king-tony-2515mr-749430/,2 480 ₽
2025-10-14,https://www.vseinstrumenti.ru/product/golovka-tortsevaya-glubokaya-6-grannaya-1-2-dr-27-mm-jonnesway-s04hd4127-522648/,880 ₽
2025-10-14,https://www.vseinstrumenti.ru/product/golovka-tortsevaya-svechnaya-1-2-dr-21-mm-c-magnitnym-derzhatelem-jonnesway-s17m4121-533176/,1 190 ₽
2025-10-14,https://www.vseinstrumenti.ru/product/nozhovka-kraftool-expert-kraftmax-laminator-spetsialnyj-zakalennyj-zub-bystryj-i-tochnyj-rez-13-14-tpi-500mm-15225-50-1245747/,1 371 ₽
2025-10-14,https://www.vseinstrumenti.ru/product/golovka-tortsevaya-dvenadtsatigrannaya-1-1-16-3-4-king-tony-633034s-787572/,880 ₽
2025-10-14,https://www.vseinstrumenti.ru/product/akkumulyatornaya-drel-shurupovert-makita-lxt-ddf485z-932432/,9 990 ₽
2025-10-14,https://www.vseinstrumenti.ru/product/kombinirovannyj-klyuch-jonnesway-w26106-221250/,300 ₽
2025-10-14,https://www.vseinstrumenti.ru/product/ochistitel-stekol-prohim-pennyj-aerozol-335-ml-avs-avk-028-a78069s-13752751/,229 ₽
2025-10-14,https://www.vseinstrumenti.ru/product/adapter-dlya-tortsevyh-golovok-1-4-50-mm-v-blistere-jtc-12g5002c-1160028/,230 ₽
2025-10-14,https://www.vseinstrumenti.ru/product/golovka-tortsevaya-udarnaya-12-grannaya-king-tony-15-mm-1-2dr-453015m-19148883/,380 ₽
